date,commit,darealkniga,sample,system,words,word_acc,char_acc
2026-10-08,85bfabc+changes,0.1.0,mixed-bg,darealkniga,239,0.9979,0.9985
2026-10-08,85bfabc+changes,0.1.0,mixed-bg,tesseract,239,0.9791,0.9915
2026-10-08,85bfabc+changes,0.1.0,mixed-bg,paddleocr,239,0.8619,0.9514
2026-10-08,85bfabc+changes,0.1.0,mixed-ru,darealkniga,174,0.9943,0.9991
2026-10-08,85bfabc+changes,0.1.0,mixed-ru,tesseract,174,0.9828,0.9966
2026-10-08,85bfabc+changes,0.1.0,mixed-ru,paddleocr,174,0.8473,0.9284
2026-10-08,85bfabc+changes,0.1.0,photo-bg,darealkniga,162,0.9815,0.9846
2026-10-08,85bfabc+changes,0.1.0,photo-bg,tesseract,162,0.8943,0.7682
2026-10-08,85bfabc+changes,0.1.0,photo-bg,paddleocr,162,0.8262,0.8174
2026-10-08,85bfabc+changes,0.1.0,djvu-ru,darealkniga,1339,0.9559,0.9908
2026-10-08,85bfabc+changes,0.1.0,djvu-ru,tesseract,1339,0.8798,0.9774
2026-10-08,85bfabc+changes,0.1.0,djvu-ru,paddleocr,1339,0.9087,0.9797
2026-10-08,85bfabc+changes,0.1.0,pdf-ru,darealkniga,1339,0.9544,0.9910
2026-10-08,85bfabc+changes,0.1.0,pdf-ru,tesseract,1339,0.8805,0.9776
2026-10-08,85bfabc+changes,0.1.0,pdf-ru,paddleocr,1339,0.8843,0.9269
2026-10-08,85bfabc+changes,0.1.0,pdf-bg,darealkniga,603,0.8839,0.8207
2026-10-08,85bfabc+changes,0.1.0,pdf-bg,tesseract,603,0.8734,0.5900
2026-10-08,85bfabc+changes,0.1.0,pdf-bg,paddleocr,603,0.8720,0.3927
